<?xml version="1.0" encoding="ISO-8859-1"?>
<items 	xmlns:xsi="http://www.w3.org/2001/XMLSchema-instance" 
			xsi:noNamespaceSchemaLocation="items.xsd">
	<itemtypes>
		<itemtype code="Product" autocreate="false">
			<attributes>
				<attribute qualifier="additionalDescription" type="localized:java.lang.String">
					<description>Additional description - Hybris course</description>
					<persistence type="property"/>
				</attribute>
			</attributes>
		</itemtype>
	</itemtypes>
</items>
