<?xml version="1.0" encoding="ISO-8859-1"?>
<items xmlns:xsi="http://www.w3.org/2001/XMLSchema-instance" xsi:noNamespaceSchemaLocation="items.xsd">

	<relations>
		<relation code="ProductBundle" localized="false" generate="true" autocreate="true">
         <deployment table="ProductBundle" typecode="10001"/>
			<sourceElement type="Product" qualifier="bundle" cardinality="many">
			   <description>Bundle</description>
				<modifiers read="true" write="true" search="true" optional="true" />
			</sourceElement>
			<targetElement type="Product" qualifier="parts" cardinality="many" collectiontype="list" ordered="false">
			   <description>Products</description>
				<modifiers read="true" write="true" search="true" optional="true" partof="true" />
			</targetElement>
		</relation>
	</relations>

</items>
