<?xml version="1.0" encoding="ISO-8859-1"?>
<!-- [y] hybris Platform Copyright (c) 2017 SAP SE or an SAP affiliate company. All rights reserved. This software is the confidential 
	and proprietary information of SAP ("Confidential Information"). You shall not disclose such Confidential Information and shall use 
	it only in accordance with the terms of the license agreement you entered into with SAP. -->
<configuration xmlns="hybris.de/schemas/hmc/generic" xmlns:xsi="http://www.w3.org/2001/XMLSchema-instance"
	xsi:schemaLocation="hybris.de/schemas/hmc/generic hmc.xsd">

	<explorertree>
	    <group name="medias" expand="false" description="group.media.description" mode="append">
         <typeref type="ImageMedia" description="typeref.media.description"/>
      </group>
    </explorertree>
	
   <type name="ImageMedia" mode="append">
      <organizer>
         <search mode="replace">
            <condition attribute="code" operator="contains"/>
            <condition attribute="mime"/>
            <condition attribute="topic"/>
         </search>
         <result>
            <listview mode="replace">
               <itemlayout>
                  <attribute name="url" title="title.image" width="50">
                     <display classname="de.hybris.platform.hmc.attribute.UrlAsImageDisplayChip">
                        <parameter key="height" value="30"/>
                     </display>
                  </attribute>
                  <attribute name="code" width="200"/>
                  <attribute name="mime" width="100"/>   
                  <attribute name="topic" width="100"/>   
                  <attribute name="url2" title="title.download" width="50">
                     <display classname="de.hybris.platform.hmc.attribute.MediaDownloadUrlChip"/>
                  </attribute>
                  <attribute name="folder" width="100"/>
               </itemlayout>
            </listview>
            <editview mode="replace">
               <itemlayout>
                  <attribute name="code" width="200"/>
                  <attribute name="mime"/>
                  <attribute name="topic"/>
               </itemlayout>
            </editview>
            <treeview mode="replace">
               <itemlayout>
                  <attribute name="code"/>
               </itemlayout>
            </treeview>
         </result>
         <editor>
            <exclude>
               <exclusion attribute="mime"/>
               <exclusion attribute="realfilename"/>
            </exclude>
            <essentials>
               <listlayout>
                  <attribute name="code"/>
               </listlayout>
            </essentials>
            <tab name="tab.common" position="0">
               <section name="properties">
                  <listlayout>
                     <attribute name="url">
                        <specialeditor 
                           classname="de.hybris.platform.hmc.media.MediaFileUploadEditorChip"
                           parameter="showpreview"
                       />
                     </attribute>
	           		<attribute name="mediaformat" />
              		<attribute name="mediacontainer" />
              		<attribute name="folder" editable="false" />
                  </listlayout>
               </section>
            </tab>
				<tab name="tab.media.metadata">
					<section name="section.media.metadata">
                  <listlayout>
                     <attribute name="alttext"/>
                     <attribute name="downloadurl"/>
                  </listlayout>
					</section>
				</tab>
            <tab name="tab.media.security">
             <section name="section.media.security">
                  <listlayout>
                     <attribute name="permittedPrincipals"/>
                     <attribute name="deniedPrincipals"/>
                  </listlayout>
           </section>
          </tab>        
				<tab name="administration">
               		<section name="common">
                  		<listlayout>
                     		<attribute name="dataPK"/>
                     		<attribute name="foreignDataOwners"/>
                  		</listlayout>
               		</section>
             </tab>
				<tab name="topic">
               		<section name="topic">
                  		<listlayout>
                     		<attribute name="topic"/>
                  		</listlayout>
               		</section>
             </tab>
         </editor>
      </organizer>
      <defaultreference searchattribute="code" mode="replace">
         <itemlayout>
            <attribute name="code"/>
         </itemlayout>
      </defaultreference>
	  </type>

</configuration>