<?xml version="1.0" encoding="ISO-8859-1"?>
<!-- [y] hybris Platform Copyright (c) 2017 SAP SE or an SAP affiliate company. 
	All rights reserved. This software is the confidential and proprietary information 
	of SAP ("Confidential Information"). You shall not disclose such Confidential 
	Information and shall use it only in accordance with the terms of the license 
	agreement you entered into with SAP. -->
<configuration xmlns="hybris.de/schemas/hmc/generic"
	xmlns:xsi="http://www.w3.org/2001/XMLSchema-instance"
	xsi:schemaLocation="hybris.de/schemas/hmc/generic hmc.xsd">

	<type name="User" mode="append">
		<organizer>
			<editor>
				<tab name="tab.common" id="tab_user_properties" mode="replace"
					position="0">
					<section name="properties" mode="replace">
						<listlayout>
							<attribute name="description">
								<textareaeditor expanded="true" rows="3" />
							</attribute>
							<attribute name="dateOfBirth">
								<dateeditor/>
							</attribute>
							<attribute name="sessionLanguage" />
							<attribute name="sessionCurrency" />
							<attribute name="groups">
								<referencecollectioneditor
									showsearcheditor="true">
									<itemlayout>
										<attribute name="uid" width="150" />
										<attribute name="locname" width="150" />
									</itemlayout>
								</referencecollectioneditor>
							</attribute>
						</listlayout>
					</section>
				</tab>
			</editor>
		</organizer>
	</type>

</configuration>