<?xml version="1.0" encoding="ISO-8859-1"?>
<!-- [y] hybris Platform Copyright (c) 2017 SAP SE or an SAP affiliate company. All rights reserved. This software is the confidential 
	and proprietary information of SAP ("Confidential Information"). You shall not disclose such Confidential Information and shall use 
	it only in accordance with the terms of the license agreement you entered into with SAP. -->
<configuration xmlns="hybris.de/schemas/hmc/generic" xmlns:xsi="http://www.w3.org/2001/XMLSchema-instance"
	xsi:schemaLocation="hybris.de/schemas/hmc/generic hmc.xsd">

	<explorertree>
		<group name="catalog" expand="false" description="group.catalog.description" mode="append">
			<typeref type="Supplier" description="typeref.supplier.description" />
		</group>
	</explorertree>

	<type name="Supplier" icon="images/icons/e_product.gif" mode="append">
		<organizer>
			<search mode="replace">
				<condition attribute="name" operator="contains" />
			</search>
			<result>
				<listview mode="replace">
					<itemlayout>
						<attribute name="name" width="120" />
						<attribute name="description" width="100" />
						<attribute name="categoryVersion" width="80" />
					</itemlayout>
				</listview>
				<editview mode="replace">
					<itemlayout>
						<attribute name="name" width="120" />
						<attribute name="description" width="180" />
					</itemlayout>
				</editview>
				<treeview mode="replace">
					<itemlayout>
						<attribute name="name" width="120" />
					</itemlayout>
				</treeview>
			</result>
			<editor>
				<essentials>
					<columnlayout>
						<row>
							<attribute name="code" />
							<attribute name="name" />
						</row>
					</columnlayout>
				</essentials>

				<tab name="tab.supplier.properties" mode="append">
					<section name="supplier.properties">
						<listlayout>
							<attribute name="catalogVersion"/>
							<attribute name="id"/>
							<attribute name="name"/>
							<attribute name="description" width="500">
								<textareaeditor expanded="true"/> 
							</attribute>
						</listlayout>
					</section>
				</tab>
			</editor>
		</organizer>
	</type>

</configuration>