<?xml version="1.0" encoding="ISO-8859-1"?>
<!-- [y] hybris Platform Copyright (c) 2017 SAP SE or an SAP affiliate company. All rights reserved. This software is the confidential 
	and proprietary information of SAP ("Confidential Information"). You shall not disclose such Confidential Information and shall use 
	it only in accordance with the terms of the license agreement you entered into with SAP. -->
<!-- ATTENTION: This is just an example file. You have to edit it according to your needs. -->

<items xmlns:xsi="http://www.w3.org/2001/XMLSchema-instance" xsi:noNamespaceSchemaLocation="items.xsd">

	<itemtypes>
		<itemtype generate="true" code="Supplier" jaloclass="com.epam.course.hybris.jalo.Supplier" extends="GenericItem"
			autocreate="true">
			<deployment table="Supplier" typecode="10002"/>
			<custom-properties>
				<property name="catalogItemType">
					<value>java.lang.Boolean.TRUE</value>
				</property>
				<property name="catalogVersionAttributeQualifier">
					<value>"catalogVersion"</value>
				</property>
				<property name="uniqueKeyAttributeQualifier">
					<value>"id"</value>
				</property>
			</custom-properties>
			<attributes>
				<attribute qualifier="id" type="java.lang.String">
					<description>ID</description>
					 <modifiers initial="true" optional="false" write="false"/>
					<persistence type="property" />
				</attribute>
				<attribute qualifier="name" type="java.lang.String">
					<description>Name</description>
					<persistence type="property" />
				</attribute>
				<attribute qualifier="description" type="java.lang.String">
					<description>Description</description>
					<persistence type="property" />
				</attribute>
			<attribute qualifier="catalogVersion" type="CatalogVersion">
            <modifiers initial="true" optional="false" write="false"/>
            <persistence type="property"/>
        </attribute>
			</attributes>
		</itemtype>
	</itemtypes>
</items>
