<?xml version="1.0" encoding="ISO-8859-1"?>
<items xmlns:xsi="http://www.w3.org/2001/XMLSchema-instance" xsi:noNamespaceSchemaLocation="items.xsd">
	<itemtypes>

		<itemtype code="ExportProductCronJob" extends="CronJob" jaloclass="org.training.cron.ExportProductCronJob" autocreate="true"
			generate="true">
			<attributes>
				<attribute qualifier="xDaysToGoOffline" type="int">
					<modifiers read="true" write="true" optional="false" />
					<defaultvalue>Integer.valueOf(5)</defaultvalue>
					<description>All products that goes offline within X days will be exported. X is 5 by default.</description>
					<persistence type="property" />
				</attribute>
				<attribute qualifier="impexFile" type="java.lang.String">
					<modifiers read="true" write="true" optional="false" />
					<defaultvalue>String.valueOf("exportproduct.impex")</defaultvalue>
					<description>Name of the file that contains the impex script</description>
					<persistence type="property" />
				</attribute>
			</attributes>
		</itemtype>

	</itemtypes>
</items>
